Emplyee name,Graduity due for Female,Graduity due for Male
Abbey Schindler,1,
Abram Q Keffer,1,
Adalberto W Creek,1,
Adam B Katzer,1,
Adelaide L Harrop,1,
Adele M Burnam,1,
Adella U Foushee,1,
Adelle E Brunner,,1
Adriana O Medved,1,
Agnes D Doud,,1
Ahmed I Strope,1,
Ahmed V Lease,,1
Aiko Blossom,,1
Aileen F Hiltz,,1
Aileen Hiltz,1,
Akiko S Godby,,1
Alda F Penning,,1
Alden Cauley,1,
Alden Y Cauley,1,
Alease Lander,,1
Alease Y Lander,1,
Alec Mcnees,,1
Alexis C Amaral,,1
Alexis D Bonelli,,1
Alexis Q Grose,1,
Alfonzo Knupp,1,
Alfred L Strausbaugh,1,
Alina L Prowell,,1
Alise O Baltzell,1,
Alisha D Coppock,1,
Aliza X Sammons,,1
Allen L Vachon,,1
Allene T Lepe,,1
Alline V Kushner,,1
Allyn O Farrior,,1
Allyson I Ours,1,
Almeda M Dunford,,1
Alonzo W Stanford,,1
Alphonso Laffoon,,1
Alphonso U Laffoon,,1
Alysia Basil,1,
Amelia H Burbank,1,
America V Lobel,1,
Amiee Z Chaffins,,1
Analisa X Birdsell,1,
Andre Q Maxon,,1
Andrea Rhymes,1,
Andreas L Kennard,1,
Andreas T Viles,,1
Andres P Towles,1,
Andrew Detweiler,,1
Andrew P Detweiler,,1
Andria Z Reza,1,
Angel Ferebee,1,
Angela P Lorenzen,,1
Anibal F Pieper,1,
Annabelle E Encinas,,1
Annette Jolin,1,
Antone W Polston,,1
Archie Blair,1,
Arden B Fujita,1,
Arlen M Joly,,1
Arlen Z Vanslyke,,1
Arturo N Halvorsen,,1
Asa E Kunze,1,
Ashanti R Swim,,1
Ashlie G Cadena,1,
Astrid R Marinelli,1,
Asuncion X Braunstein,1,
Audrea K Papineau,1,
Audrie X Mccammon,,1
August C Navarette,,1
Aurelio K Wyckoff,1,
Austin Janney,1,
Ayako Bachmann,,1
Barak Sali,1,
Barrie Collman,1,
Bart B Gilcrease,,1
Beatrice A Knopf,1,
Beatrice Coen,,1
Beatrice T Coen,1,
Bell N Molinaro,1,
Belva Fitzwater,1,
Ben Gigliotti,,1
Ben Lagrange,,1
Ben N Lamson,,1
Benedict U Daye,,1
Bennie E Manfredi,,1
Benny S Brinker,1,
Bernardo I Garzon,,1
Bernie M Kish,,1
Bert Q Lauritzen,1,
Bert S Kinkade,,1
Beryl Helsel,,1
Billie Liang,,1
Bo E Curlee,,1
Bobbie P Chumley,1,
Bobbie S Miner,1,
Bobbie X Schoenrock,,1
Bong M Alvares,1,
Bonny Poor,,1
Bonny S Poor,1,
Brande Sevier,,1
Brendon E Mone,1,
Brendon J Camp,,1
Brendon V Crowther,,1
Brent U Perlman,,1
Brenton U Boyett,1,
Bret C Delancey,1,
Brett Z Vadnais,1,
Bridget D Spadaro,1,
Bridget Rake,,1
Britt Shivers,1,
Bruna R Welke,1,
Bryan J Stampley,,1
Bryanna Pyron,,1
Bryce B Edens,1,
Buck H Rancourt,,1
Bud Kistner,,1
Bud L Lofgren,,1
Bud Lofgren,1,
Buddy W Lofgren,1,
Bula Reich,,1
Burton C Jin,1,
Caleb Luther,1,
Cameron A Chamberland,,1
Candelaria Q Zajicek,1,
Candelaria Zajicek,,1
Carl M Paddock,,1
Carlo B Ali,,1
Carlos Banh,,1
Carlotta T Ryles,,1
Carmelia E Bergeron,,1
Carmelia R Lattimer,,1
Carmen F Barret,,1
Carmen U Benbow,,1
Carmon A Howlett,,1
Carolin T Loya,,1
Carolynn V Moynihan,1,
Casey D Krier,,1
Cassaundra K Polito,,1
Cayla Mealy,,1
Cecily D Houser,1,
Cedric N Cavallo,1,
Cedrick Engelhardt,,1
Cedrick M Cordle,1,
Celesta L Reeser,1,
Celestine H Alderson,1,
Celine Baskin,,1
Chadwick I Hargreaves,,1
Charity N Denman,1,
Chase J Paradise,1,
Chau R Barron,,1
Chauncey Southerland,1,
Chaya W Caudle,,1
Chere Patchett,,1
Cheree Lusk,,1
Chi S Clopton,1,
Ching D Applegate,1,
Chrissy H Edmonson,1,
Christene F Blakemore,1,
Christene L Mccaleb,,1
Christi H Amaker,,1
Christie Rodger,1,
Christoper K Manzano,,1
Chung J Moynihan,,1
Cicely W Colton,1,
Cindie T Madden,1,
Clara B Sifuentes,,1
Clarence Hinkson,1,
Clarence J Hinkson,,1
Clark Spence,,1
Claudio Q Bien,1,
Clemente S Wiechmann,1,
Clemmie F Montague,1,
Cleveland A Zinke,,1
Cleveland Franko,,1
Cleveland W Franko,1,
Cliff Skipworth,1,
Clint Q Strayhorn,1,
Clinton Tschida,,1
Clotilde Mason,,1
Clotilde X Mason,1,
Clyde P Ponton,1,
Cole M Dellinger,,1
Cole N Poling,1,
Colin V Likens,1,
Colton B Salzman,,1
Colton Salzman,,1
Cordell M Tweedy,,1
Coy I Gentner,1,
Cristal Q Kucharski,1,
Crystal Comes,1,
Cyndy Ary,,1
Cythia I Stecker,1,
Daina U Ledet,,1
Dale E Childers,,1
Damian F Mcgaughey,,1
Damian X Grist,,1
Damien A Izquierdo,,1
Daniel L Nava,,1
Danilo S Hammes,,1
Darcel P Burford,,1
Darren U Shoulders,,1
Darron Tittle,1,
Davida A Funkhouser,,1
Davis Z Gaylor,,1
Dawne Y Gardner,1,
Deanna P Scoggin,1,
Debbie C Lipsey,,1
Debrah X Flury,,1
Dee Joslyn,1,
Delana Y Freedman,1,
Delphine P Carpio,1,
Delsie R Tennison,1,
Demarcus Recio,,1
Denis T Yelle,,1
Denis Y Fehr,1,
Dennis K Cayer,1,
Derick A Macey,,1
Derrick Culbreth,,1
Deshawn O Mankin,,1
Desirae D Ginn,1,
Detra D Rymer,,1
Devin Hales,1,
Dewayne X Groom,,1
Digna Q Eck,,1
Dion K Taylor,1,
Donna R Woodrum,1,
Donte H Granger,,1
Donya G Rodden,,1
Dorethea U Engram,,1
Dorothy Gard,,1
Dorothy Q Gard,,1
Dottie Hagaman,,1
Dovie Nickerson,,1
Dovie U Nickerson,,1
Doyle Grindstaff,1,
Doyle T Grindstaff,,1
Doyle Utter,,1
Dudley G Slocum,1,
Dudley Slocum,1,
Dulce E Grizzard,,1
Dulce Grizzard,,1
Duncan O Maheu,,1
Dustin Y Espey,1,
Dusty L Kugler,,1
Dwain O Upham,,1
Dwain Upham,,1
Dwayne Marker,,1
Dwayne W Marker,1,
Eartha Z Oceguera,1,
Edmund K Masuda,,1
Edmund Mcclung,1,
Edra M Guthrie,1,
Effie Jelinek,1,
Ela K Hames,1,
Eladia A Braggs,1,
Eldridge B Bose,,1
Eleanor D Dickson,1,
Eleanora Farthing,1,
Elenora S Whitehill,,1
Eleonora Pollard,,1
Eleonora S Pollard,,1
Elias Pinkard,,1
Elijah P Elkin,1,
Eliz R Linneman,1,
Elliott Chess,,1
Eloise Demoss,,1
Eloise Z Demoss,,1
Elroy L Shorts,,1
Elsy B Latta,1,
Elsy Beyer,1,
Elvis J Stroh,1,
Elvis Stroh,,1
Elvis Veiga,1,
Elwood T More,,1
Emiko Z Lolley,1,
Emile Aponte,,1
Emma Monti,,1
Emma X Monti,1,
Emmanuel G Chamorro,,1
Emmitt X Plante,1,
Employees,,1
Ena Mullins,,1
Enda Kirchner,1,
Erica S Harlan,,1
Erik W Steffen,,1
Erin K Stclair,1,
Erin L Jasmin,1,
Ernestine Fludd,,1
Etsuko O Wilmot,,1
Eveline B Strecker,,1
Exie C Bradham,,1
Ezequiel N Shell,,1
Ezra Calvert,,1
Faustino Scheffel,1,
Federico B Edmond,,1
Federico I Carlile,1,
Felisha Q Ettinger,1,
Felix S Croker,1,
Fernando Korhonen,,1
Fernando S Korhonen,1,
Forest Z Hacker,,1
Frank O Mallon,,1
Franklyn V Hummell,,1
Freddie C Headen,,1
Freddy A Rolling,1,
Freddy Rolling,,1
Gabriel E Pearsall,,1
Garnett Dryer,,1
Garret Flakes,1,
Garrett Nolette,,1
Garrett S Nolette,,1
Gavin V Mckillip,1,
Gearldine Stolte,,1
Gemma I Chilton,,1
Georgiann C Harrell,1,
Gerardo Q Bergen,,1
Gerry D Woolery,1,
Gerry Harvey,,1
Gertrud B Glidden,,1
Gertrud Glidden,1,
Gidget X Loring,,1
Gilbert M Wolfgram,1,
Gilbert Z Bloss,,1
Giuseppina E Fink,,1
Giuseppina N Dagostino,1,
Glady Q Kump,,1
Glenn Vinyard,,1
Gregory I Kidwell,,1
Grisel R Whitty,1,
Grover Mcgahey,,1
Gustavo F Rouse,,1
Gwyn E Etzel,,1
Gwyn Etzel,,1
Hal K Kells,1,
Hal Kells,,1
Haley G Bova,,1
Hans G Koh,,1
Harland S Renshaw,,1
Harriett A Mccurry,,1
Hassan Radabaugh,,1
Hayden J Jang,1,
Heath Aikin,,1
Heath Fell,,1
Herb B Irving,1,
Heriberto Rollo,,1
Heriberto Y Starkey,,1
Hermila X Crosslin,1,
Hester B Cabana,1,
Hiram K Stokely,,1
Holley M Cathcart,1,
Honey D Eaves,,1
Hong M Townson,,1
Horace Hobart,,1
Horacio S Salazar,,1
Hosea B Michelson,,1
Hoyt O Reiss,,1
Hubert L Kirkland,1,
Hugh N Chavira,,1
Hui E Bizzell,1,
Hyun M Gloss,1,
Ilse X Harr,,1
Ingeborg Z Weisser,1,
Inocencia Z Buteau,1,
Irene Ellerbee,1,
Irving C Pillar,,1
Isaac O Dempster,1,
Isaac Tsan,,1
Isabella X Russell,1,
Isaiah G Parrish,,1
Isaiah Y Magwood,,1
Isis F Hash,,1
Isobel K Dance,,1
Isreal F Metoyer,1,
Izola E Ye,,1
Jack J Warfel,,1
Jackie P Montague,,1
Jae B Isabell,1,
Jaleesa I Averett,,1
Jamaal Resto,,1
Jamaal Z Resto,1,
Jamal G Dimarco,1,
Jamel Meaney,,1
Jamey S Seim,1,
Jamison U Crutchfield,1,
Janessa M Drennen,1,
Janie P Caswell,,1
Jarred C Class,,1
Jarred Class,1,
Jason V Gravois,,1
Jayme B Shimer,1,
Jayson S Carrol,1,
Jazmin Wheless,,1
Jc Meyers,,1
Jc S Meyers,1,
Jeanetta N Norden,1,
Jeanna U Li,,1
Jeff E Lucero,,1
Jeffery A Brafford,,1
Jenell S Sauers,,1
Jeneva Y Bybee,,1
Jenni Olguin,,1
Jeramy F Metoyer,,1
Jeramy T Londono,,1
Jeremiah Harriss,,1
Jeremiah N Curran,,1
Jerlene P Dunnigan,1,
Jerome Spangler,1,
Jerome Whitefield,,1
Jerrell Mcfarlin,,1
Jesus H Guillen,,1
Jim J Lurie,1,
Jimmie A Rorie,,1
Jimmie F Vasquez,,1
Jimmy Canaday,,1
Joanie N Folkerts,,1
Joanna Deforest,1,
Joanna H Deforest,1,
Joanna M Sandefur,,1
Joannie E Wolters,,1
Joaquin Vaz,,1
Jocelyn Q Scotti,,1
Jody K Rude,,1
Johnie Centers,,1
Johnie V Centers,1,
Jolanda Dewees,,1
Jolanda L Dewees,,1
Joleen H Chea,1,
Joline Frisby,1,
Jon Arvizu,,1
Jon Behler,,1
Jordan D Phu,,1
Jordan Phu,,1
Jose P Tubbs,1,
Josette R Betancourt,,1
Josiah R Gutierres,,1
Josie Hofman,,1
Judith D Gourdine,1,
Julio Bryce,,1
Julio Dockery,1,
Julio P Bryce,1,
Julius Q Stock,,1
Junita Y Huhn,,1
Kacy Cairns,,1
Kali Kennamer,1,
Karima Metivier,,1
Karisa B Glidewell,1,
Kasi Blakeslee,1,
Kassie Q Binder,,1
Katie N Kinnison,,1
Kaye Tubbs,1,
Keila A Lucas,,1
Keila F Lofland,,1
Keira Y Till,,1
Keith B Macha,,1
Keith E Moyes,1,
Ken X Weisberg,,1
Kendrick Burchette,,1
Kendrick C Burchette,1,
Kenton Q Villalta,1,
Khalilah A Campo,,1
Kieth G Coney,1,
Kimberlee J Hawkins,,1
Kimberly Duquette,,1
Kirstie Macey,1,
Kirstie W Macey,,1
Korey I Garrity,,1
Kris L Bice,,1
Krissy S Valazquez,1,
Kristie E Jain,1,
Kristle D Figgs,,1
Kristofer N Calahan,,1
Kristofer Y Fizer,1,
Kristopher Alejos,1,
Kurtis C Irons,,1
Kylie K Freda,1,
Lala C Marquez,1,
Lamar W Estill,,1
Lamont J Brescia,1,
Lance Pennington,,1
Lanelle W Berlanga,1,
Larisa Still,1,
Larry K Mash,,1
Larry Osby,1,
Lashaunda Y Munden,1,
Latia Gleaton,1,
Launa N Kohl,,1
Laurena P Caston,1,
Laurence K Ryles,,1
Lavada Maldanado,1,
Lawerence W Abernethy,,1
Leanna X Tibbetts,,1
Leda Y Fabre,,1
Leif Harness,1,
Leigh Y Haws,1,
Leland C Fifield,,1
Leland David,1,
Lenny U Rister,1,
Leonia Y Derosier,1,
Leonore Reason,,1
Leopoldo U Hole,,1
Les Priolo,,1
Les V Gran,,1
Lesha K Cai,,1
Letha L Apel,1,
Leticia V Lewandowski,,1
Lewis M Racette,,1
Lezlie Z Bohannan,,1
Lia J Liner,1,
Lia Liner,,1
Liana T Quesenberry,,1
Liane U Grafton,1,
Lianne M Sweeney,1,
Liberty A Shroyer,1,
Lidia Kuiper,,1
Lidia S Gerling,1,
Ligia Hoeft,,1
Lincoln D Cauley,,1
Lincoln Demaria,1,
Linette Q Menard,1,
Linn Plummer,,1
Linsey P Orsini,,1
Linwood H Carter,,1
Lisette F Cowley,,1
Liz R Lomonaco,,1
Lizzette G Moyle,,1
Logan D Berryman,,1
Lois Cozad,,1
Lona T Collar,,1
Loren H Mckenzie,,1
Loren Isaac,1,
Lorette Y Petrillo,,1
Lorri Garney,,1
Lorriane P Ho,,1
Lottie G Bonin,,1
Louann X Sakamoto,1,
Love G Lent,,1
Lowell Demmer,,1
Lucas Funes,1,
Lucinda Z Borton,,1
Lucy Reiser,1,
Luella W Kemmerer,1,
Lyla Q Donald,1,
Lyn Tso,,1
Lynn M Blocher,,1
Lynwood Q Durfee,1,
Mac Lineberry,,1
Mack L Lykes,,1
Madelyn W Boos,,1
Magaly Mcneel,,1
Magaly U Mcneel,,1
Malcolm Y Bonaparte,1,
Malcom L Meister,,1
Man W Bean,,1
Mandy Lavalley,,1
Mandy W Lavalley,1,
Marcella Mapp,1,
Marcella Z Mapp,1,
Marg Dunfee,,1
Margarett E Mulford,1,
Marget Dials,1,
Margit E Gallion,1,
Margit Gallaher,,1
Margrett M Confer,1,
Mariam F Pinheiro,1,
Mariano Y Kyles,,1
Maris S Briggs,1,
Marissa S Hughes,1,
Marketta Candelaria,1,
Mary Y Tate,,1
Maryln H Springfield,,1
Marylouise Howland,,1
Marylynn G Ealey,,1
Mason Shiflett,1,
Mathilda Monty,1,
Mauricio I Streets,,1
Maximina K Frates,,1
Mckinley H Scofield,1,
Mei H Silvera,,1
Mervin Goering,,1
Meryl I Nau,1,
Meryl Nau,1,
Micaela N Buker,1,
Micheal F Mcleroy,,1
Micki R Jauregui,,1
Mignon H Ballesteros,,1
Mignon Q Dills,,1
Miguel P Karp,,1
Mika Rodriquez,,1
Mike A Waddington,1,
Miles Lambert,,1
Miles N Light,,1
Mina P Shotwell,,1
Mina Shotwell,,1
Mirian E Gorman,1,
Misti Royal,,1
Moises U Hughs,,1
Molly U Rasch,1,
Monte F Mcginn,1,
Monty C Hughes,,1
Morgan K Rathbun,1,
Morgan Leonetti,,1
Morgan O Carriere,,1
Morgan V Leonetti,,1
Mose Brucker,,1
Mose O Brucker,1,
Mumin Yusha,,1
Murray D Pennock,,1
Myles G Strum,,1
Myra H Parra,,1
Myron Elsea,,1
Myron V Elsea,1,
Nadia B Rosner,1,
Nannette Ressler,,1
Narcisa C Rayburn,1,
Natasha L Mcelhannon,,1
Nathan Avendano,,1
Nathanael Halloway,,1
Neil Gebhard,1,
Neil Z Stoughton,1,
Nelida E Cheeks,,1
Nella Mckeown,,1
Nelson O Dubuc,1,
Neomi P Pitchford,1,
Nettie T Mccandless,,1
Newton V Scalia,,1
Ngoc X Watson,1,
Nicholas B Salcedo,1,
Nickolas G Grossi,1,
Nicola S Bellis,1,
Nicolle A Crothers,,1
Nigel K Wadsworth,,1
Nigel O Sansom,,1
Nikia Z Thrasher,,1
Nilsa Arambula,1,
Noel Garon,,1
Nolan V Velazco,,1
Novella B Osman,1,
Novella Osman,,1
Odette Gorden,1,
Omer H Moultrie,1,
Oren M Mcnabb,1,
Oren Mcnabb,1,
Orval N Pichardo,,1
Orval Q Olinger,,1
Orville Massey,1,
Oscar R Bovee,1,
Oswaldo Baumbach,1,
Otha Sylvester,1,
Otha T Orrell,,1
Palmer O Beamer,1,
Pansy Duchesne,,1
Pansy F Duchesne,,1
Paola R Timberlake,1,
Patria D Riedel,,1
Patty Hosey,1,
Paz J Hegwood,,1
Perry E Huddleston,,1
Perry Outland,,1
Pete B Donnelly,,1
Phil Czarnecki,,1
Phil G Czarnecki,,1
Philip Trinidad,,1
Philip X Trinidad,,1
Phillip Crabill,1,
Phyllis Figueredo,,1
Porfirio Houghton,,1
Porsche Dearing,,1
Quinn Linneman,1,
Rachelle M Burkhead,,1
Rafaela Madrid,1,
Raguel Yeager,1,
Ramon Heldt,,1
Ramona V Hemphill,1,
Ramonita Z Fincher,,1
Randal J Kahle,,1
Randal Kahle,,1
Randee O Cassity,,1
Randee X Blunt,,1
Raphael W Kellner,1,
Raymon I Chavarria,,1
Raymond U Flavin,,1
Raymundo Pecora,1,
Reanna I Hampton,1,
Reed Vella,,1
Reinaldo Castellanos,1,
Reinaldo G Castellanos,,1
Renaldo K Cheatham,1,
Rene Morel,1,
Retha G Nealy,1,
Rex K Dion,1,
Reyes X Segal,1,
Reynalda M Millwood,1,
Reynaldo S Service,1,
Rich Cleek,,1
Rich Q Rehberg,1,
Rich Rehberg,1,
Richard C Truman,1,
Richelle Haffner,1,
Richie I Weisz,,1
Rick E Armenta,,1
Rina L Chacon,,1
Rob Spier,,1
Robbie N Heckman,,1
Robert C Ancheta,1,
Robert Winsor,,1
Roberto A Fresquez,1,
Roberto U Derry,1,
Robin Z Stewart,1,
Rodney Leonardo,,1
Rogelio Finnerty,,1
Rogelio Ledezma,1,
Rolando Womble,,1
Ronnie E Swim,1,
Ronnie G Gumbs,,1
Ronnie Upton,,1
Rosa Iler,1,
Rosalva G Shepley,,1
Rosanna D Standley,1,
Roselia F Britton,1,
Rosella E Marron,,1
Rosemarie K Fellows,1,
Rosetta Messerly,,1
Ross Imai,1,
Roy W Wilkie,1,
Royal U Okeefe,,1
Royce K Goodwyn,,1
Rozanne N Mielke,,1
Rubin E Confer,,1
Rueben X Pidgeon,,1
Rufus F Furlong,1,
Rufus Neufeld,,1
Russel Baumer,,1
Sal C Heiden,1,
Salena Santillan,,1
Salvatore J Lindell,,1
Sam C Limones,1,
Sam E Lacey,,1
Sammy C Holtzclaw,,1
Sarita P Schubert,,1
Scott D Torrey,,1
Seth N Lipsky,1,
Seth Willilams,,1
Shannon J Force,,1
Shanti P Brinegar,,1
Shanti Quirion,,1
Shara Millsap,1,
Sharonda Janzen,,1
Sharri Z Gormley,,1
Shasta F Bay,,1
Shasta P Depuy,1,
Shavonne Henkle,,1
Shawanda Ostlund,1,
Sheila F Bergman,1,
Shemika D Porterfield,1,
Sherise C Bledsoe,1,
Sherryl Raker,1,
Sherwood K Shire,1,
Sheryll X Broadbent,1,
Shirl M Caraballo,,1
Sidney D Amore,1,
Simon G Cromwell,,1
Sixta Jo,1,
Sol Coffman,,1
Sol K Roger,1,
Solange Landaverde,,1
Son D Ricketts,,1
Sonny Najar,1,
Sophia F Knecht,,1
Stacey H Galante,,1
Stan I Folks,1,
Stanley Caudill,,1
Stasia L Daley,,1
Stefanie P Rose,,1
Stephan Q Ranger,1,
Stephnie Millman,,1
Steven B Daigneault,,1
Stewart Mazurek,,1
Stuart Fullwood,1,
Sunshine F Earle,1,
Susana H Hooks,,1
Susana Hooks,,1
Suzette Lovejoy,1,
Sydney Trosper,,1
Sylvester Harmer,,1
Sylvester M Harmer,,1
Sylvester Z Blackledge,1,
Tad Laster,,1
Tamera Balser,1,
Tammi S Garret,,1
Tammy Staples,,1
Taneka Q Church,1,
Tanner Y Hollenbeck,,1
Tawanda E Buchanon,,1
Taylor Thill,,1
Teddy Kleinschmidt,1,
Tempie Peralta,1,
Terra Routh,,1
Terrance E Schiefelbein,1,
Terrell Leader,1,
Theda Timothy,,1
Therese Q Belden,,1
Theron T Kramer,1,
Thomas B Felipe,,1
Thomas H Huang,1,
Thora Vanhook,,1
Tiffaney A Schoenberg,,1
Tim N Schueller,1,
Tim U Kornegay,1,
Timmy I Poteat,,1
Timmy Kitchens,,1
Tiny Llanos,,1
Tiny Q Llanos,1,
Tiny Z Oliveri,1,
Titus Eide,,1
Toby Riles,,1
Toi F Stallard,,1
Tomas V Krout,,1
Tona S Huseby,1,
Toney O Gentle,,1
Toney W Bollman,,1
Tonia Silvis,,1
Tonja E Lenahan,1,
Tony E Keough,1,
Tony Keough,1,
Towanda H Matson,,1
Toya B Rawlins,,1
Trent J Lockman,1,
Tressa Q Standard,1,
Trey Kaiser,1,
Tristan M Brackett,1,
Troy J Higbee,1,
Tyler D Galindo,,1
Tyler N Larkins,,1
Tyree W Linden,,1
Ulysses S Abate,,1
Un Zebrowski,,1
Valarie O Gorecki,,1
Valene Yost,,1
Valene Z Woodmansee,,1
Valentin T Dearborn,1,
Valentine Gibbon,,1
Valeria Fang,,1
Van T Dotson,1,
Vance Kuss,,1
Vasiliki E Thoman,,1
Vasiliki Thoman,,1
Vaughn Garica,,1
Velda V Larue,1,
Vern T Lomeli,1,
Vernell X Amado,1,
Verona H Brobst,,1
Veronica I Mower,1,
Vicki V Broussard,,1
Victoria H Musson,,1
Vikki N Lezama,1,
Vincent N Lennon,1,
Violet L Ertel,,1
Virgil R Yuen,,1
Vivienne X Binion,,1
Voncile P Trojanowski,,1
Vonda U Mckinnis,,1
Waldo Witmer,,1
Walter B Mcmorrow,,1
Walton S Keim,,1
Walton U Kapoor,,1
Warner I Manly,1,
Wendolyn Riddle,,1
Wilfred Honore,1,
Wilhelmina Y Keaney,1,
Willia Vath,1,
William B Mcnerney,1,
Williams Timko,,1
Willian Zeringue,,1
Wilton Florence,1,
Windy A Dudek,,1
Windy Pharr,1,
Windy S Pharr,,1
Wm S Goldschmidt,1,
Xochitl Hogan,,1
Xochitl Luse,,1
Young Rueb,1,
Yung G Booher,1,
Zachary U Breeden,1,
Zack H Mumaw,1,
Zella Renn,,1
Zenia D Owings,1,
Zoila X Nair,1,
